{
    "rmse": 0.6907371885104207,
    "mae": 0.545027415781645,
    "r2": 0.2852166837583814
}